[
  { "code": "4901000000011", "name": "ボールペン（黒）『失くす確率90%』", "price": 120 },
  { "code": "4901000000028", "name": "シャープペン『芯がいつも折れる』", "price": 180 },
  { "code": "4901000000035", "name": "消しゴム『黒歴史も消せたらいいのに』", "price": 80 },
  { "code": "4901000000042", "name": "A4ノート『3ページで飽きる』", "price": 150 },
  { "code": "4901000000059", "name": "蛍光ペン（5色）『使うのは黄色だけ』", "price": 300 },
  { "code": "4901000000066", "name": "定規（30cm）『振ると武器になる』", "price": 200 },
  { "code": "4901000000073", "name": "ハサミ『切るだけじゃない、心も…』", "price": 350 },
  { "code": "4901000000080", "name": "ホッチキス『閉じるけど開けない人生』", "price": 400 }
]